<!-- [ Mirror metadata ] generatedAt: 1436485424812 -->
<!-- Generated screen file. Fill the id tags below with content with
which to populate your previewed layout. For a complete specification
of sample data, please see http://jimulabs.com/sample-data-specifications/ 

Valid attributes on <screen> tag: theme="@style/someTheme" inEditMode="false" overlay="@drawable/mockup" -->
<screen>
    <_content layout="@layout/comment_item">
        <!-- ImageView Examples:
        <commentAvatar src="@drawable/image_resource" />
        <commentAvatar src="relative_path/image.jpg" /> -->
        <commentAvatar />
        <!-- TextView Examples:
        <commentAuthor text="@string/string_resource" />
        <commentAuthor text="Text literal" textSize="14sp" /> -->
        <commentAuthor />
        <commentBody />
    </_content>
</screen>
